{
  "entry_amount": 0.001,
  "entry_cost": null,
  "entry_price": 73916.5,
  "entry_timestamp": 1776351532.420811,
  "has_position": true,
  "last_candle_time": 1776340800.0,
  "last_entry_signal": "BUY",
  "last_total_equity": 187527.34102922,
  "peak_equity": 188602.43815668
}
